serial_no,mark_id_char
60146682,MACHINE-PISTOL
60149828,THOMPSON
70011408,"MONARCH MIXED PAINT SENOUR MANUFACTURING COMPANY, PURE LINSEED OIL, WHITE LEND & ZINC, NO BENZINE, NO WATER, OFFICE AND FACTORY NOS. 72 & 74 EWING ST. CHICAGO"
70011709,NESTLE
70011710,NESTLE
70011711,HENRI NESTLE
70011863,VALOID
70012355,RHEINGOLD
70012441,TAM O'SHANTER
70012442,MONTGOMERIESTONE
70012443,DALMORE HONE
70012857,FAIRY
70013054,DAISY BRAND CONDENSED MILK
70013064,ORIGINAL BUDWEISER BUDWEISER LAGER BIER ONLY GENUINE AS DECREED BY THE COURTS ORIGINAL AS DECREED BY THE COURTS
70013253,WASHBURN'S GOLD MEDAL
70013299,GIANT REVERE RUBBER COMPANY GIANT
70014118,SWAN
70014244,SK OF L CIGAR MAKES OF AMERICA
70014364,"WELCOME SOAP POWDER CURTIS DAVIS & CO BOSTON, MASS., U.S.A."
70014441,SUNLIGHT
70014527,AYER'S SARSAPARILLA THE BEST BLOOD MEDICINE
70015086,OCTAGON
70015226,PHOSPHOR BRONZE
70015321,JENKINS DISC.
70015376,STANDARD REMINGTON TYPEWRITER TO SAVE TIME IS TO LENGTHEN LIFE.
70015437,D DRESDEN EXTRA BRILLIANT
70015801,CHAMPION CONDENSED MILK
70015960,REMINGTON
70016114,"ANAGLYPTA WALL DECORATION SANITARY BEAUTIFUL DURABLE INEXPENSIVE WORKS, QUEEN'S MILLS, LANCASTER LONDON WAREHOUSE, 92 & 93 GT. RUSSELL ST., W.C."
70016140,"THE SHAMROCK WHISKY KIRKER, GREER & CO BELFAST."
70016314,SUNBEAM.
70016443,VINOLIA
70016486,HENRY WHITE AND CO.'S RED HEART RUM LONDON
70016487,TRIPLE MOTION WHITE MOUNTAIN ICE CREAM FREEZER
70016709,LA COLLERETTE MARQUE DEPOSEE
70017825,AUNT JEMIMA
70017953,ROYAL WORCESTER
70017960,COD-LIVER OIL SCOTT'S EMULSION
70018310,THE WESTERN BOILER COMPOUND
70018423,"BRECKNELL, TURNER & SONS PREPARED SADDLE SOAP 31 & 32, HAYMARKET, LONDON."
70018541,G. T. GOULD TEA OLD COUNTRY ENGLISH BREAKFAST TEA
70019225,"SCOTT'S EMULSION P.P.P. OF PURE COD LIVER OIL SCOTT & BOWNE MANUFACTURING CHEMISTS, NEW YORK. EXCLUSIVELY FOR EXPORT. PERFECT PERMANENT PALATABLE WITH HYPOPHOSPHITES OF LIME AND SODA. A RELIABLE REMEDY FOR PULMONARY DISEASES, COUGHS, COLDS, AND GENERAL DEBILITY."
70019634,CLICQUOT-CLUB
70019679,MAIZENA
70019680,MAIZENA
70019752,LITTLE GIANT.
70019979,WOODWARD'S GRIPE WATER
70020157,THE DAINTY FIRST QUALITY
70020175,NELSON MORRIS & CO MATCHLESS BRAND EXTRA SUGAR CURED HAMS CHICAGO
70020737,PETERS SHOE CO'S DIAMOND BRAND ST. LOUIS
70020770,NONPAREIL OIL
70020903,BALDWIN.
70020911,FAIR & SQUARE
70020942,SEEMAN BROS. FAMOUS WHITE ROSE CORN
70020952,FRICTIONLESS.
70020970,COMMON SENSE
70021085,"""LYPSYL"""
70021191,PV
70021208,LEA & PERRINS WORCHESTERSHIRE SAUCE
70021318,HUDOR
70021340,BLUE RIBBON BRAND
70021464,ELGIN NATIONAL WATCH CO.
70021571,J&W.NICHOLSON&CO. SCOTCH WHISKY LONDON
70021630,COTTONOID
70021647,VAPO-CRESOLENE
70021676,NUGGET.
70021716,REAL COMPANHIA DOS VINHOS DO PORTO
70021856,I WILL
70021900,ALCOOL DE MENTHE DE RICQLES
70021903,KUTTYHUNK
70021933,REFLEX
70022212,PARCHED ROLLED OATS QUAIL BRAND
70022266,STORM'S
70022335,JENKINS TRADE MARK
70022384,D.M.C.
70022386,D.M.C.
70022387,D.M.C.
70022394,NAVALITE
70022406,COCA-COLA
70022436,ATLAS WASHING FLUID
70022443,COSMOLINE
70022536,PEERLESS BRAND
70022546,CASHMERE BOUQUET
70022547,CASHMERE
70022548,CAPRICE
70022623,MICANITE PERFECT INSULATOR
70022752,PS STUBS
70022753,STUBS
70022843,PEARS
70023017,FOWNES'
70023089,SEEMAN BROS. FAMOUS WHITE ROSE PEARS
70023126,SEEMAN BROS. FAMOUS WHITE ROSE FARINA
70023291,ARMOUR'S VEGETOLE
70023353,HOOD'S SARSAPARILLA CIH & CO COMPOUND EXTRACT
70023420,GARLOCK
70023441,CRESOLENE.
70023463,CREAM OF THE PRAIRIE SUGAR CORN FINEST QUALITY PACKED BY THE ILLINOIS CANNING CO HOOPESTON ILL
70023464,BABY BUNTING
70023481,PRIDE OF ILLINOIS SUGAR CORN PACKED BY THE ILLINOIS CANNING CO
70023509,SPOT CORD
70023616,EUREKA
70023617,PARAGON
70023640,UNIVERSAL
70023649,EXCELSIOR
70023664,IZAL
70023770,H-O
70023788,HOVIS
70023794,GRAY'S COMPOUND TONIC FORMULA DR. JOHN P. GRAY
70023823,SOMATOSE
70023850,FERNET BRANCA FRATELLI BRANCA E CO
70023873,WHITE ROCK
70023877,FERNET BRANCA FRATELLI BRANCA E COMP.
70023896,THE BAKER CASTOR OIL WORKS MANUFACTURERSOF CRYSTAL COLD PRESSED CASTOR OIL H J BAKER & BRO AGTS NEW YORK
70023898,FERNET BRANCA FRATELLI BRANCA E COMP
70023899,FERNET-BRANCA FRATELLI BRANCA E COMP
70024004,OLD GLORY
70024049,MILK OF MAGNESIA
70024058,HIRES ROOTBEER.
70024295,"""LUXURY"""
70024555,FOWLER BROS PEACH BRAND LARD GUARANTEED ABSOLUTELY CHICAGO PURE
70024620,CALLARD & BOWSER
70024657,BROOKS
70024818,SARATOGA FLAKES
70025029,PEACH BRAND
70025036,OMEGA
70025043,PEACH LEAF LARD
70025119,INVINCIBLE
70025168,MAGNOLIA
70025222,C F S CO SAUER'S TRADE MARK.
70025455,SWAMP ROOT
70025494,S. ANDRAL KILMER M.D.
70025550,BABCOCK & WILCOX
70025573,THE ONLY GENUINE WHEAT STRAW CIGARETTE PAPER
70025592,STAGS HEAD
70025627,WILLIMANTIC THE BEST THREAD FOR SEWING MACHINES
70025628,IVERTON MILLS
70025629,INTRINSIC
70025630,DRAGON SPOOL COTTON 16
70025631,LIBERTY 36
70025632,WILLIMATIC STAR THREAD SIX CORD
70025633,SUPERIOR SIX CORD MACHINE THREAD
70025636,ALPHA 3 500 YDS 70
70025669,J & J BALDWIN BEE HIVE B B HALIFAX.
70025674,BEE HIVE
70025770,STANDARD OIL CO OF NEW YORK BY PRESIDENTWM. ROCKEFELLER
70025884,MAGNUS
70025928,CCC
70025989,BULL'S HEAD
70026078,WINEBURGH'S BABESKIN SOAP
70026104,GUDE BROD BROS CHAMPION WARRANTED PURE DVE
70026109,SPLENDOR
70026110,GOLD
70026127,OZOMULSION
70026186,"CERETANA BOZEMAN MILLING COMPANY BOZEMAN, MT. FROM SELECTED HARD WHEAT CERETANA"
70026252,PURE
70026253,QUAKER
70026254,QUAKER PURE
70026342,NIAGARA
70026355,BULL'S HEAD
70026462,BERMALINE
70026468,GOLDEN CROWN CIGARS B & R CO.
70026528,VICTOR IN HOC SIGNO VINCIMUS 1885
70026553,GOLDEN-ROD
70026613,MILKOSE
70026717,MURALO
70026749,BLATZ BEER B
70026824,THE A1 INTERNATIONAL SAUCE
70026893,SHAMROCK
70026912,WB/W
70027056,PILGRAM
70027057,PURITAN
70027112,HOLOPHANE
70027138,CEREBOS
70027165,PUTNAM FADELESS DYES
70027269,SWEET CAPORAL MILD & EXTRA FINE WARRANTED THE HIGHEST CLASS OF SKILLED WORK AND FINEST SELECTED TURKISH AND VIRGINIA LEAF NONE ARE GENUINE WITHOUT FAC SIMILE SIGNATURE OF KINNEY BROS ON EACH CIGARETTE AND PACKAGE MANUFACTURED BY THE AMERICAN TOBACCO COMPANY SUCCESSOR NEW YORK USA
70027287,J T DELFT
70027326,GL
70027327,PHANTOM
70027388,STYPTICIN
70027402,POSTUM
70027448,"ARCADE MILLS QUEEN BESS ROLLER FANCY FLOUR BLANTON MILLING CO. INDIANAPOLIS, IND. U.S.A."
70027729,BUCKEYE BOND
70027741,PRAIRE ROSE T. W. BRADY & CO. CREAMERY BUTTER.
70027775,GOLD SEAL BRAND AMERICAN CONDENSED MILK
70027820,PEACOCK PATENT
70027825,SALAMANDER
70027849,SWAN LINEN
70027853,ANTOXIDE
70027864,THE MELROSE TEA
70027959,DUNDEE
70028037,OLD WATERMILL
70028050,B SPECIAL
70028065,HOFFMAN'S GREAT FIND JLH
70028067,TOBIN BRONZE
70028076,TEMPEST
70028090,ACHESON GRAPHITE ELECTRIC FURNACE
70028095,BUCKEYE
70028162,BRACER
70028260,STATE BOND
70028269,COOK'S IMPERIAL AMERICAN WINE CO ST. LOUIS U.S.A.
70028277,"BEETHAM'S GLYCERINE AND CUCUMBER IS UNEQUALLED FOR RENDERING THE SKIN DELICATELY SOFT, SMOOTH, & WHITE AT ALL SEASONS."
70028469,E
70028605,"ALLEN'S FOOT=EASE. PREPARED BY ALLEN S. OLMSTED, LEROY, N.Y."
70028711,EDME
70028774,STANDARD BRAND
70028858,VTW
70028866,"A ANHEUSER, BUSCH BREWING ASSN ST. LOUIS, MO."
70028936,VELOCITE
70028937,VACUOLINE
70029034,PEARL BOND 1896
70029036,"MARYLAND CLUB MIXTURE MANUFACTURED OF CHOICE VIRGINIA AND LOUISIANA PERIQUE MARBURG BROS, BALTIMORE THE AMERICAN TOBACCO COMPANY SUCCESSOR, MARBURG BROS., THE AMERICAN TOBACCO COMPANY SUCCESSOR."
70029094,"ELLIMAN'S UNIVERSAL EMBROCATION FOR RHEUMATISM, LUMBACO, SPRAINS, BRUISES, CHEST COLDS, SORE THROAT FROM COLD, STIFFNESS"
70029135,PYRAMID
70029166,BENEDICTINE
70029261,"BOSISTO'S PARROT BRAND. OIL OF EUCALYPTUS J. BOSISTO & CO. RICHMOND, MELBOURNE."
70029299,STAR BRAND
70029392,LAVA
70029409,LOG CABIN
70029434,ROYAL
70029436,L L BROWN PAPER CO. FINE
70029473,TRAVELER
70029484,SWEET CLOVER
70029529,"S D & H SCOVIL'S IMPROVED PLANTER'S HOE CAST STEEL WARRENTED MANUFACTURED SOLELY BY THEM HIGGANUM, CONN."
70029568,MALT-VIVINE
70029573,THE RED WARRIOR AXE BY WILLIAM MANN MANUFACTURED NEAR LEWISTOWN PENNA.
70029579,RED CROSS
70029632,QUAKER OATS 1 POUND QUAKER OATS MANUFACTURED BY THE AMERICAN CEREAL CO. ADDRESS CHICAGO U.S.A. USE ONLY QUAKER BRAND ROLLED OATS
70029840,SANITOL
70029876,HUDSON BRAND
70029910,"BPS NOBRAC PAINT THE PATTERSON-SARGENT CO. CLEVELAND, O."
70029986,KEEPCLEAN
70029994,ROCHE
70030031,NORWOOD
70030070,THE MIEHLE
70030156,"""CASCADE"" DISTILLERY HANDMADE SOUR MASH TENNESSEE WHISKEY GEO. A. DICKEL & CO."
70030188,GIDGEE
70030214,SPARKLETS
70030327,DURYEAS'
70030360,REVELATION BURS
70030394,EAGLE
70030399,ROYAL SCARLET
70030487,DANMARK
70030580,JOHN DEERE
70030595,BECKER'S ABC PLASTER
70030599,TIFFANY & CO
70030606,EUREKA
70030655,KEARSARGE ASBESTOS
70030835,"BEST AXE MADE W. C. KELLY FLINT EDGE TEMPER ALEXANDRIA, IND, U.S.A."
70030868,DMC DOLLFUS-MIEG & CIE. BELFORT-PARIS-MULHOUSE
70030869,DMC DOLLFUS-MIEG & CIE MULHOUSE BELFORT
70030910,HM
70030916,JUNKET
70030942,ODOL
70031033,CASCARETS
70031048,HEINZ
70031147,HYDROX
70031317,PEPSOL
70031433,C. BRANDAUER & CO. STEEL PEN MANUF RS BIRMINGHAM
70031498,BARTON & GUESTIER FIDE ET FORTITUDINE FOI HONNEUR ET PATRIE BORDEAUX FRANCE
70031506,ALLENBURYS
70031548,THE MARVEX.
70031572,KOH-I-NOOR.
70031633,C CHICAGO ATHLETIC ASSOCIATION.
70031688,SANATOGEN
70031689,GRAPE-NUTS
70031735,VACUUM
70031900,"""SALADA"""
70031907,KERATOL
70032036,UNION PACIFIC OVERLAND THE ROUTE
70032058,MONITOR
70032109,S.S.P. CO. PURITAS ET CURA
70032134,KODOL
70032167,COSCURA
70032188,YANKY
70032210,HOLOCAIN
70032235,ATLAS
70032258,STORK BRAND CONDENSED MILK NEW YORK CONDENSED MILK CO. NEW YORK.
70032301,UNEEDA
70032315,"ENO'S ""FRUIT SALT"" FRUIT SALINE OR FRUIT POWDER HEALTH-GIVING, PLEASANT, COOLING, REFRESHING, & INVIGORATING FRUIT SALT WORKS TRUTH AND LIGHT LONDON. S.E."
70032490,THE CINDERELLA SHOE G $3.00
70032516,BLUE RIBBON BRAND
70032536,NEW SERVICE.
70032595,B.E.R B.C.S.&R. CO. BALTIMORE
70032606,H H
70032664,C.N. EDWARDS' LICORINE CURE FOR GRIP ANDRHEUMATISM
70032739,OVERLAND
70032894,GOMENOL
70032900,VISCOLITE.
70032964,PITTMAN'S SHORTHAND ISAAC PITMAN
70032973,THE SAVORY CIGARETTES
70032982,"ROSE'S SWEETENED LIME JUICE RECONSTITUTED L. ROSE CO. LTD. ST. ALBANS, ENGLAND & THE WEST INDIES ESTD. 1805 WEST INDIA"
70033093,INDIAN HAY
70033152,SWAN
70033153,IROLENE.
70033231,RUBY
70033232,PEARL
70033233,SAPPHIRE
70033235,GARNET
70033327,RAMESES II
70033600,VACLITE
70033707,RARUS
70033775,PEARLINE
70033902,STERLING G
70033903,950-1000 FINE. G
70033944,SWAN
70033953,ZIG ZAG RULES Z.Z. STANLEY
70034161,SMOOTH-ON
70034235,RECKITT'S PARIS BLUE
70034322,"OUT OF THE STRONG CAME FORTH SWEETNESS ABRAM LYLE & SONS LTD., SUGAR REFINERS."
70034328,AJAX
70034329,HERCULES
70034379,PABST MILWAUKEE BLUE RIBBON B
70034385,NEED-MORE
70034411,LA PRIMERA
70034413,MILKMAID
70034518,EUREKA
70034562,VULCAN
70034592,THE RISING HOPE DE RIJZENDE HOOP.
70034631,TARTAN
70034645,ARROW
70034668,FLEISCHMANN'S
70034738,SAXIN
70034777,AMERICAN BEAUTY
70034806,THOMAS A. EDISON
70034870,COLUMBIA TEA S Z SAMUEL ZECHNOWITZ
70034877,ERGOAPIOL
70035072,CARNATION BRAND
70035086,HOOPLES METAL POLISH
70035089,GE
70035212,PEACH BLOSSOMS
70035228,LUX
70035261,MIN-NE-HA-HA
70035326,IDEAL
70035328,WORLDS FAIR C.T. CO.
70035513,PARAGON
70035548,ICHTHOLAN
70035568,MOUTARDE DIAPHANE
70035628,ALUMNITE
70035662,JUNIOR
70035691,EAGLE
70036058,STAR BRAND NEUFCHATEL WAL
70036098,GOLDEN GLORY
70036151,BALL-BAND
70036221,CAMEO
70036244,STROLLER
70036521,ZU ZU
70036653,RUSSWIN
70036799,FRAGRINE
70036846,NEW-SKIN
70036940,AMBRA
70037177,DOMINO
70037332,GARLOCK
70037360,ECHTE KARLSBADER CONIFERENSEIFE FICHTENNADEL-SEIFE
70037362,ELECTROLAC
70037449,A O-K
70037555,KING COLE
70037560,"""FORCE"""
70037630,DIAMOND
70037640,I JB O150I PAPIER JOB BLANC. BREVETE D'INVENTION S G DU GOUV JN BARDOU.
70037807,GLACE-INE
70037901,FALSTAFF
70037939,GM CO EP
70037945,SAPOLIN
70037976,VIROL
70038075,QUAKER ICING POWDER.
70038208,FIREITE
70038412,ASBESTOLITH
70038441,MABOR
70038451,PATRIOT
70038452,MONARCH
70038571,PROPHYLACTIC
70038607,HURWOOD
70038631,GALENA
70038711,ORIENTAL
70038774,JAMES BUCHANAN AND CO
70038957,666
70039047,SHIELD
70039109,REGNIS
70039132,QUICK & EASY
70039155,IRONSIDES
70039313,"""FORCE"""
70039326,ARGYROL
70039374,PRESTO
70039405,OLDSMOBILE
70039409,ACOUSTICON
70039428,COELESTOL
70039438,QUEEN ANNE
70039543,THERMIT
70039745,MONALISA
70039792,VICTOR
70039933,"""LE KHEDIVE"" E LAURENS"
70040032,SIMPLEX
70040050,SSS
70040090,VENUS
70040254,ZEMACOL
70040619,PEPSI-COLA
70040667,K & E
70040692,EAGLE
70040705,NUCOLINE
70040724,WORLD
70040795,CN
70040916,OLD CURIO
70041127,MERCEDES
70041130,CHAMPION
70041265,REX
70041303,PEG
70041422,C. C. & G.P. CO H.
70041487,VALDA
70041511,CAR FERRY
70041631,IRALDEINE
70041689,ANSCO.
70041720,PINE=APPLE
70041751,OUTLOOK
70041762,WHITE ROSE
70041868,MARY ANN
70041916,ADRIN
70041961,UNIT
70041974,KARDOMAH
70042124,CALCIDIN
70042179,CAILLER
70042198,KLONDYKE
70042200,TOBY
70042201,ZERO
70042226,VULCAN
70042374,FANTASY
70042375,FANTASY
70042467,MERCURY
70042650,FLEXIBLE FLYER
70042663,OLD NO. 7
70042694,SANITAS
70042796,AQUASCUTUM
70042883,CHECKER
70042909,STAR
70042921,CALOX
70043162,CRAVEN
70043259,RED SEAL
70043313,HARLEQUIN
70043317,GOLD PLATE
70043371,LAMSDOWN
70043374,ALFALMO
70043460,WALTHAM MASS
70043559,TABLOID
70043567,SOLOID
70043745,FAVORITE
70043746,TIP TOP
70043779,SIMI
70043969,MILO.
70043988,VIM
70044082,BANNER
70044083,SNOWFLAKE
70044233,REMTICO
70044294,VIM
70046172,SALTS
70048318,REX
70052592,WISH-BONE
70053550,GOLD DUST
70053811,NABISCO
70054198,KNOX NEW YORK. MOVEO ET PROFICIO
70054214,1835 R. WALLACE
70058571,THOMAS A EDISON
70060257,GRAPHOTYPE.
70060813,DE RIJZENDE HOOP
70061526,WILBURINE
70061764,HIAWATHA
70062399,EMOLEO
70062464,CALIFIG
70062556,J B 150 FEVILLES BREVETE D'INVENTION JOB
70062590,VAPO
70063150,W
70064112,QUALITY.
70068242,CHECKERS
70071509,GAELIC
70072244,TABLOID
70072521,ICS
70087299,"CROTALIN R. H. SPANGLER, M.D."
70185152,EL REY
70199257,FOOT-EAZER
70217993,KING
70438036,SHELTER PACKAGE
71000030,"""CASCADE"" DISTILLERY HAND MADE SOUR MASH GEO. A. DICKEL & CO. TENNESSEE WHISKEY"
71000031,CASCADE
71000071,"NATURES REMEDY THE GREATEST LIVER REGULATOR AND BLOOD PURIFIER KNOWN MANUFACTURED BY THE A.H. LEWIS MEDICINE CO, ST. LOUIS, MISSOURI."
71000072,NR
71000117,OLD FORESTER
71000148,BROMO-SELTZER
71000159,PIEDMONT
71000193,REECE
71000224,LAVA
71000226,EAGLE
71000227,CENTURY
71000228,AUTO
71000229,EXCELSIOR
71000230,PILGRIM
71000231,PURITAN
71000237,UNION SPECIAL
71000239,UNION SPECIAL DOUBLE LOCKED STITCH
71000299,DELICIOUS
71000302,CHAMPION
71000303,GOLD
71000304,STARK-STAR
71000322,DE WITT'S CARBOLIZED WITCH HAZEL SALVE
71000356,ARABOL
71000361,MALTINE
71000362,MALTO YERBINE
71000365,ARM & HAMMER
71000377,B
71000394,HOWARD.
71000407,BOSS
71000422,YARA
71000430,OLD NO. 7.
71000433,BOSTON
71000434,VELVET GRIP
71000451,ANTIPHLOGISTINE
71000470,INGERSOLL
71000481,SAPONIFIER
71000492,PRESERVO
71000507,LORD CALVERT
71000512,VESPER
71000520,NEUROSINE
71000564,MATCHLESS
71000587,KODOL
71000604,MANZAN
71000610,VICTOR
71000622,RATIONAL
71000623,SIR PRIZE
71000624,COSMEON
71000626,OIL OF GLADNESS
71000654,PURINA
71000657,SANMETTO
71000665,VASELINE
71000666,BLUE SEAL
71000669,KNABE
71000670,WM. KNABE & CO.
71000671,MIGNON
71000697,EMPIRE
71000698,CHICKERING
71000701,DUX
71000706,NUCOA
71000712,SSS
71000714,BRYANT
71000727,TIP TOP
71000729,BALDWIN
71000748,WELLINGTON
71000760,OCEANA
71000810,GOLD COIN
71000828,B & W
71000829,BABCOCK & WILCOX
71000860,WEAR-EVER
71000861,NAZARETH
71000884,A. E. TILE CO.
71000885,A.E.T. CO.
71000894,JENKINS
71000895,JENKINS
71000938,GILT EDGE
71000953,SPLENDID
71000967,C/B
71001000,SPHINX BOND
71001077,E H. TAYLOR JR & SONS
71001101,SHREDDED CODFISH.
71001102,BEARDSLEY'S SHREDDED CODFISH
71001103,SHREDDED CODFISH
71001114,ELGIN
71001115,ELGIN WATCH CO
71001123,IVORY
71001125,PEQUOT WIDE COTTONS
71001133,FROSTILLA
71001156,KICKERBOCKER.
71001165,JOHN PHILIP SOUSA
71001166,RUBEROID
71001187,BLUE CROSS
71001204,SOLID GOLD
71001206,GOOD LUCK
71001232,GRAY'S GLYCERINE TONIC COMP. FORMULA DR. JOHN P. GRAY.
71001234,MARINE BAND
71001236,34B
71001238,1896
71001240,AUTO-VALVE
71001241,4711
71001249,LA CATHEDRALE
71001252,RHINE
71001266,THE SATURDAY EVENING POST
71001268,LADIES' HOME JOURNAL
71001279,SPIRITTINE
71001300,AD-EL-ITE
71001324,KING
71001326,GULDEN'S MUSTARD
71001331,COLUMBIA
71001332,CH
71001338,N
71001370,JENKINS BROS.
71001388,EBL
71001430,NAUMKEAG SATTEEN TWILLS
71001438,JEWEL
71001448,PAINKILLER
71001457,STETSON
71001477,VALVOLINE
71001478,VALVOLINE
71001557,DR. HOFFMAN'S RED DROPS
71001561,NO. 808 IVORY FINISH
71001565,UNITED STATES U.S.
71001568,CONGRESS
71001582,RAMBLER
71001590,ALADDIN
71001599,LEAGUE
71001606,RACER
71001612,APOLLO
71001628,PARAGON
71001635,COMET
71001643,ATLAS
71001646,IRON GLUE
71001647,BANQUET
71001667,KAYSER
71001668,KAYSER
71001681,CO
71001722,GLYCO-THYMOLINE
71001732,PEPSI-COLA
71001755,A
71001769,DE WITT'S LITTLE EARLY RISERS
71001772,NUCOLINE
71001785,MALTHOID
71001786,P. & B
71001798,NEW FAN
71001803,BICYCLE
71001875,STAR
71001900,EAGLE LYE
71001928,STAR BRAND
71001933,BELMONT
71001966,F
71001980,PEPSENCIA
71002006,THE ENGELBERG HULLER CO. SEM RIVAL. SYRACUSE. N. Y. U. S. A.
71002013,FISH BRAND
71002016,F.S.R.
71002018,TRIUMPH
71002022,ADDRESSOGRAPH
71002041,MENTHOLATUM
71002046,IMPERIAL
71002049,TK AMERICAN ELIXIR OF BITTER WINE HORKE VINO
71002057,CALUMET
71002138,FLINCH
71002145,LION
71002147,UNIVERSAL
71002169,DIAGRAPH
71002173,MOLDINE
71002193,RAMESES
71002213,LYDIA E PINKHAM
71002226,CRISPIN
71002286,WHITE ROCK
71002301,THE JUST WRIGHT SHOE
71002308,QUAKER
71002309,QUAKER PURE
71002310,PURE
71002354,H. T.
71002358,'U-ALL-NO'
71002359,AFTER DINNER
71002396,CI
71002397,COOK'S IMPERIAL
71002398,COOK'S IMPERIAL
71002408,VULCAN
71002438,THE CLUB
71002488,JAP-A-LAC
71002505,KITCHEN BOUQUET
71002511,CYCLONE
71002526,BUSTER BROWN
71002535,PERFECTION
71002564,LG
71002583,VELLASTIC UTICA RIBBED FLEECE
71002584,LAMBSDOWN UNDERWEAR YOURS FOR HEALTH
71002676,OLIVER
71002707,PENN MAR
71002730,COCA-COLA
71002747,LISTERINE
71002748,LISTERINE
71002750,DIAMOND BRAND
71002753,"PLYMOUTH ROCK PHOSPHATEOL GELATINE, 1620."
71002754,PLYMOUTH ROCK
71002768,BORAXO
71002779,CAMPBELL'S
71002783,ABSORBINE
71002795,PRINCESS
71002803,HARTSHORN
71002804,STEWART HARTSHORN
71002824,MEDUSA
71002845,MONGOL
71002870,MACLAREN'S IMPERIAL CHEESE
71002879,CELLULOID
71002882,BLATZ
71002889,UNGUENTINE
71002964,LINCOLN
71002968,PILLSBURY
71002969,REFORM
71002971,PILLSBURY'S BEST
71002975,KANABEC
71002979,PILLSBURY'S
71002987,A TEXAS WONDER HALL'S GREAT DISCOVERY
71003057,CRESCENT MAPLEINE
71003058,CRESCENT
71003062,"""SAPOLIN"""
71003077,MONARCH
71003079,ARROW
71003080,CLUETT
71003081,SPENCER
71003082,ORGOBLO
71003096,MW
71003097,MW
71003138,CLOVERINE
71003169,SAVE THE BABY
71003189,CN
71003202,PIANOLA
71003220,BER
71003221,BCW
71003228,CARBORUNDUM
71003235,ATLAS
71003236,ATLAS
71003237,HAMILTON
71003246,DIAMOND
71003249,ERGOAPIOL
71003260,H
71003264,W
71003309,THREE IN ONE 3 IN 1
71003324,RUBBER PERFECTION
71003325,MERCANTILE
71003326,SUN
71003327,EXPRESS
71003328,EAGLE
71003332,OFFICE
71003336,EAGLE
71003366,SHUREDRY
71003427,-ANTI-PAIN-PILLS.
71003443,FAB-RI-KO-NA
71003516,COMPTOMETER
71003610,ASBESTINE
71003621,NEW ENGLAND HOMESTEAD
71003647,EAGLE
71003648,EAGLE
71003649,CRESCENT
71003651,CRESCENT
71003661,THE GEM.
71003663,ONANDOFF
71003667,GOOD HOUSEKEEPING
71003670,INTERNATIONAL PAPER CO.
71003685,DR KAUFMANN'S SULPHUR BITTERS APO
71003719,S SIMPSON SPRING
71003725,NADINOLA
71003726,NADINE FLESH
71003756,CHILLIFUGE
71003791,MAJESTIC
71003799,"BROOK HILL, GARRAND COUNTY, KENTUCKY ALL RYE WHISKEY FRIEDMAN, KEILER & CO. DISTILLERS NONE SUPERIOR PURITY GUARANTEED PADUCAH, KENTUCKY"
71003824,GRAND UNION
71003866,SUPERIOR
71003883,GLENWOOD
71003907,T
71003924,ARGUTO
71003935,SIPE'S JAPAN OIL
71003939,VUDOR
71003951,ANGEL BACKS
71003953,SQUEEZERS
71003962,97
71004006,MORNING JOY
71004019,STEINWAY & SONS
71004020,S & S
71004100,POSTUM
71004101,GRAPE-NUTS
71004105,UNION
71004135,LUSTRO-FINISH
71004160,VULCAN
71004219,MASON & HAMLIN PALMAM QUI MERUIT FERAT SUI GENERIS BOSTON
71004266,INTERWOVEN
71004281,QUEEN OF THE PANTRY
71004314,"""BEE"""
71004375,MURRAY & LANMAN FLORIDA WATER
71004441,LUDLOW
71004442,B.F.M.
71004488,GARLOCK
71004499,RELIANCE
71004500,WING
71004550,ALBANY
71004558,"""THE RECOLLECTION OF QUALITY REMAINS LONG AFTER THE PRICE IS FOR GOTTEN."""
71004610,CRYSTAL SPRING
71004621,QUEEN
71004622,QUEEN QUALITY
71004652,GOOD YEAR
71004653,GOOD YEAR
71004677,DOROTHY DODD
71004685,PUREOXIA
71004690,VEEDER
71004724,CREWEL NEEDLES T. HARPER MANUFACTURER ENGLISH MADE REDDITCH
71004734,SHIPMATE
71004756,WHITE CHAMPION
71004757,SNOW BALL
71004759,PEACOCK
71004852,LOG CABIN
71004891,GUAIAQUIN
71004892,BLENNOSTASINE
71004893,PYROZONE
71004894,TARTAN
71004895,PYROZONE
71004896,ALBOLENE
71004897,MCK. & R.
71004898,ALBOLENE
71004913,XLNT
71004920,BUMSTEAD'S
71004923,K-28
71004940,BEE DESIGN
71004942,TOBIN BRONZE
71004962,PRINCETON
71004964,SUFFOLK
71004966,CROYDON
71004968,TREMONT
71004969,SHAWMUT
71005043,CERENA
71005057,PERFECT
71005058,CERESOTA
71005086,NEMO
71005088,SMART SET
71005101,PINTOFF
71005131,DELTABESTON
71005155,PRINCESS
71005157,IMPERIAL
71005163,HERCULES
71005166,CROWN FLEXOR
71005218,LIVINGSTON'S TRUE BLUE SEEDS THE LIVINGSTON SEED CO COLUMBUS OHIO
71005227,PEYCHAUD'S AMERICAN AROMATIC BITTER CORDIAL
71005235,BURLINGTON
71005247,BENGAL
71005322,P & F BRAND
71005369,ELECTRO-SILICON OR MAGIC BRILLIANT.
71005374,GREAT WESTERN
71005396,MCK & R
71005480,BLACK LEAF
71005481,ROSE LEAF
71005482,NICO-FUME
71005494,JOHN REUTER M.D.
71005495,O TRICOFERO DE BARRY
71005496,TRICOFERO
71005531,ONGOLINE
71005532,LUSTROLA
71005533,DIAMOND
71005548,MASCOT
71005564,"RED TOP PEARSON'S RED TOP SNUFF BYFIELD, MASS. PEARSONS MILLS"
71005610,SCOTCH
71005611,SCOTCH
71005613,BUCKEYE
71005619,E & W
71005621,E & W
71005636,HART
71005663,"A & CO. PONCE, P.R."
71005695,S.S.P. CO. PURITAS ET CURA
71005696,OVERLAND
71005717,LEWIS' LYE
71005718,PEERLESS
71005724,NECCO
71005742,NATIONAL
71005764,NECCO SWEETS
71005782,KEYSTONE
71005783,PEARL TOP
71005786,PEARL
71005788,THERMO
71005816,AB CO
71005818,WRIGHT'S CONDENSED SMOKE
71005839,CAMPBELL'S
71005846,OKONITE
71005873,ALETRIS CORDIAL
71005884,"""HERCULES"""
71005911,LONG SHORE
71005915,CHAS. H. FLETCHER.
71005944,DOAN'S BACK ACHE KIDNEY PILLS
71005959,RUPPINER
71005969,SMITH BROTHERS
71005980,WOODBERRY
71005983,WOODBERRY U.S. ARMY DUCK
71005999,STAR
71006025,ANGOSTURA
71006048,MATCHLESS
71006049,ECLIPSE
71006050,ACME
71006053,TOPAZ
71006063,STEPHENSON
71006088,BROOKS
71006107,EGLENTINE
71006117,D.D.D.
71006132,METALINE
71006164,LISTERINE
71006265,"SLOAN'S NERVE & BONE LINIMENT KEEP FROM FIRE OR FLAME KILLS ALL PAIN IN MAN OR BEAST PRICE, ONE DOLLAR DR. EARL S. SLOAN BOSTON, MASS., U.S.A. NONE GENUINE WITHOUT PORTRAIT AND SIGNATURE KEEP WELL CORKED IN A COOL PLACE THIS LINIMENT IS A GREAT WIND PUFF CURE LABEL ENTERED ACCORDING TO ACT OF CONGRESS 1889-1890. TRADEMARK REGISTERED 1890. ANY INFRINGEMENT ON LABEL OR WRAPPER WILL BE PROSECUTED TO FULL EXTENT OF THE LAW."
71006267,CACTINA
71006268,SENG
71006311,PEACOCK'S BROMIDES
71006312,CHIONIA
71006321,TONGALINE
71006339,MURINE
71006363,MORSE
71006372,REX
71006394,GOODYEAR RUBBER CO. 1872
71006423,ACME
71006433,$4 RALSTON HEALTH SHOE
71006438,BIGELOW
71006495,ECHO
71006540,GOULD
71006555,SAL HEPATICA
71006566,WARREN SILVER PLATE CO. NEW YORK QUADRUPLE PLATE
71006569,WM. A. ROGERS A. 1. R.
71006605,RED STAR
71006624,CALIFIG
71006636,KNABE
71006653,AUTOLINE
71006697,CARTER'S
71006702,CARTER'S
71006703,CARTER'S
71006715,GOLD HEART
71006744,LOWMOOR
71006755,"OLD HICKORY ""ANDREW JACKSON"" CHAIR."
71006766,MILKA
71006769,AUTOCAR
71006786,SHAKER
71006792,SHIELD BRAND
71006820,TEXACO
71006848,DUNLAP
71006849,DUNLAP & CO. EXTRA QUALITY
71006900,BULLDOZER
71006901,GLASS VALVE
71006944,DIAMOND
71006945,PS STUBS
71007029,PENNYSAVER
71007030,MOVEO ET PROFICIO KNOX NEW YORK.
71007033,DIAMOND CRYSTAL SALT
71007061,PEACEMAKER
71007147,SUCHARD
71007157,DOULTON
71007158,ROYAL-DOULTON ENGLAND DDDD
71007181,THE BEST
71007182,BUTTER CREAMS
71007204,MONARCH
71007262,OLD HONESTY SOAP
71007305,PRESTO
71007317,CAMPHO-PHENIQUE
71007344,MACHINERY
71007349,AYRSHIRE
71007350,KEYSTONE
71007381,HYGEIA
71007405,REGAL.
71007409,REGAL
71007427,CAPEWELL
71007470,WYANDOTTE
71007472,PARSLEY BRAND
71007489,A. DE LUZE & FILS BORDEAUX
71007496,ELIZABETH LAZENBY
71007501,E-Z-BAKE
71007535,BRITISH GLASS P.B.
71007578,THE BIKE
71007586,PORCELITE
71007589,THOMSON'S
71007641,TREADEASY
71007696,PEPPER JAS.E. PEPPER & CO.
71007714,BOVRIL
71007724,FLINT FILLER
71007725,FLINT PRIMER
71007727,ADAMANT
71007731,COTTON WHITE
71007732,CORTICELLI SPOOL A SILK WARRANTED 100 YDS WARANTED
71007736,CARNATION BRAND
71007743,SIL-O-CEL
71007777,EMERITE
71007781,EDUCATOR
71007804,CAMEL
71007815,GAIL BORDEN
71007816,BORDEN'S
71007826,STANDARD CONDENSED MILK
71007844,WALK-OVER
71007854,COSMIC
71007867,BITULITHIC
71007886,DUPLEX
71007892,NICHOLSON U.S.A.
71007898,AMERICAN
71007902,J.B. SMITH CO.
71007912,MAPLE LEAF
71007916,ARCADE
71007918,VICTOR
71007919,KEYSTONE
71007920,MONARCH
71007921,BLACK WORKS G. H. BARNETT
71007927,KEARNEY & FOOT D & F
71007943,MONARCH
71007957,VICTOR BRAND
71007958,ANCHOR BRAND
71007983,PURITY CONDENSED MILK
71008013,PARAGON BLAKEY'S
71008016,SLAWNY BALSAM MACIERZYNSKI
71008042,WHITE AND GOLD
71008054,JRD
71008095,BANKERS LINEN
71008096,BANKERS
71008121,PURITAN
71008122,NON-FLUID OIL
71008132,K & F
71008138,ARGO
71008144,KIS=ME
71008150,CALIFORNIA FRUIT
71008172,MINUTE
71008194,REX
71008195,DAMASKEENED
71008248,BBB
